,mean,min,max,std
precision_at_k,0.20000000000000004,0.2,0.2,3.3993498887762956e-17
recall_at_k,1.0,1.0,1.0,0.0
mean_average_precision,1.0,1.0,1.0,0.0
semantic_similarity,0.5917098612496346,0.5383849252354015,0.62028799273751,0.04622046481011483
keyword_coverage,0.9166666666666666,0.75,1.0,0.14433756729740646
