,mean,min,max,std
precision_at_k,0.28,0.2,0.4,0.10954451150103323
recall_at_k,1.0,1.0,1.0,0.0
mean_average_precision,1.0,1.0,1.0,0.0
semantic_similarity,0.5765320853753523,0.4845242283561013,0.7234565453095869,0.09371320176618499
keyword_coverage,0.78,0.5,1.0,0.2280350850198276
