precision_at_k,recall_at_k,mean_average_precision,semantic_similarity,keyword_coverage
0.4,1.0,1.0,0.6101414588364689,0.6
0.2,1.0,1.0,0.5285008197480981,1.0
0.2,1.0,1.0,0.4845242283561013,0.5
0.4,1.0,1.0,0.7234565453095869,0.8
0.2,1.0,1.0,0.5360373746265065,1.0
